{"cameraMode":{"drawMode":0,"name":"Shaded","section":"Shading Mode"},"sceneLighting":false,"audioPlay":false,"sceneViewState":{"showFog":true,"showMaterialUpdate":false,"showSkybox":true,"showFlares":true,"showImageEffects":true,"showParticleSystems":true},"in2DMode":false,"pivot":{"x":-0.19202712178230287,"y":-0.582708477973938,"z":0.5021568536758423},"rotation":{"x":-0.234953835606575,"y":-0.032950133085250857,"z":0.007964832708239556,"w":-0.9714152812957764},"size":3.2334578037261965,"orthographic":false}