{"cameraMode":{"drawMode":0,"name":"Shaded","section":"Shading Mode"},"sceneLighting":true,"audioPlay":false,"sceneViewState":{"showFog":true,"showMaterialUpdate":false,"showSkybox":true,"showFlares":true,"showImageEffects":true,"showParticleSystems":true},"in2DMode":false,"pivot":{"x":0.051455020904541019,"y":-2.4974520206451418,"z":-3.002748489379883},"rotation":{"x":-0.06177343800663948,"y":-0.0038790761027485134,"z":0.0008777235634624958,"w":-0.9982448816299439},"size":16.67411231994629,"orthographic":false}