{"cameraMode":{"drawMode":0,"name":"Shaded","section":"Shading Mode"},"sceneLighting":true,"audioPlay":false,"sceneViewState":{"showFog":true,"showMaterialUpdate":false,"showSkybox":true,"showFlares":true,"showImageEffects":true,"showParticleSystems":true},"in2DMode":false,"pivot":{"x":4.065314292907715,"y":2.1887712478637697,"z":-12.989232063293457},"rotation":{"x":0.2697564661502838,"y":-0.28626054525375368,"z":0.08072656393051148,"w":0.9162563681602478},"size":22.0,"orthographic":false}