{"cameraMode":{"drawMode":0,"name":"Shaded","section":"Shading Mode"},"sceneLighting":false,"audioPlay":false,"sceneViewState":{"showFog":true,"showMaterialUpdate":false,"showSkybox":false,"showFlares":true,"showImageEffects":true,"showParticleSystems":true},"in2DMode":false,"pivot":{"x":-3.962094783782959,"y":0.7902804613113403,"z":-4.008352279663086},"rotation":{"x":-0.07810863852500916,"y":0.05589838698506355,"z":-0.004385854583233595,"w":-0.9953898191452026},"size":40.771915435791019,"orthographic":false}