{"cameraMode":{"drawMode":0,"name":"Shaded","section":"Shading Mode"},"sceneLighting":false,"audioPlay":false,"sceneViewState":{"showFog":true,"showMaterialUpdate":false,"showSkybox":false,"showFlares":true,"showImageEffects":true,"showParticleSystems":true},"in2DMode":false,"pivot":{"x":-8.530379295349121,"y":-0.2942289710044861,"z":-17.95423126220703},"rotation":{"x":-0.12002063542604447,"y":-0.005362936295568943,"z":0.0006499530281871557,"w":-0.99277663230896},"size":32.168190002441409,"orthographic":false}