{"cameraMode":{"drawMode":0,"name":"Shaded","section":"Shading Mode"},"sceneLighting":false,"audioPlay":false,"sceneViewState":{"showFog":true,"showMaterialUpdate":false,"showSkybox":false,"showFlares":true,"showImageEffects":true,"showParticleSystems":true},"in2DMode":false,"pivot":{"x":-26.726531982421876,"y":13.807649612426758,"z":-28.18182373046875},"rotation":{"x":-0.3017342984676361,"y":0.22110547125339509,"z":-0.0717664286494255,"w":-0.9247733950614929},"size":29.648067474365236,"orthographic":false}