{"cameraMode":{"drawMode":0,"name":"Shaded","section":"Shading Mode"},"sceneLighting":true,"audioPlay":false,"sceneViewState":{"showFog":true,"showMaterialUpdate":false,"showSkybox":true,"showFlares":true,"showImageEffects":true,"showParticleSystems":true},"in2DMode":false,"pivot":{"x":14.63340950012207,"y":12.308900833129883,"z":-14.438987731933594},"rotation":{"x":-0.16756144165992738,"y":0.1813497543334961,"z":-0.03137601539492607,"w":-0.9685365557670593},"size":22.0,"orthographic":false}