{"cameraMode":{"drawMode":0,"name":"Shaded","section":"Shading Mode"},"sceneLighting":false,"audioPlay":false,"sceneViewState":{"showFog":true,"showMaterialUpdate":false,"showSkybox":false,"showFlares":true,"showImageEffects":true,"showParticleSystems":true},"in2DMode":false,"pivot":{"x":0.0,"y":1.4099998474121094,"z":-0.27000001072883608},"rotation":{"x":0.24565987288951875,"y":0.4364849627017975,"z":-0.1251564621925354,"w":0.8564770221710205},"size":33.628055572509769,"orthographic":false}