{"cameraMode":{"drawMode":0,"name":"Shaded","section":"Shading Mode"},"sceneLighting":false,"audioPlay":false,"sceneViewState":{"showFog":true,"showMaterialUpdate":false,"showSkybox":false,"showFlares":true,"showImageEffects":true,"showParticleSystems":true},"in2DMode":false,"pivot":{"x":0.04315042495727539,"y":-2.5154812335968019,"z":-11.229999542236329},"rotation":{"x":-0.0017790416022762657,"y":-0.07736670970916748,"z":0.0004165683640167117,"w":-0.9971505403518677},"size":32.345924377441409,"orthographic":false}