{"cameraMode":{"drawMode":0,"name":"Shaded","section":"Shading Mode"},"sceneLighting":false,"audioPlay":false,"sceneViewState":{"showFog":true,"showMaterialUpdate":false,"showSkybox":false,"showFlares":true,"showImageEffects":true,"showParticleSystems":true},"in2DMode":false,"pivot":{"x":-3.2376623153686525,"y":0.4555511474609375,"z":-2.2254199981689455},"rotation":{"x":-0.22177310287952424,"y":-0.16090981662273408,"z":0.03736767917871475,"w":-0.9611570835113525},"size":22.0,"orthographic":false}