{"cameraMode":{"drawMode":0,"name":"Shaded","section":"Shading Mode"},"sceneLighting":false,"audioPlay":false,"sceneViewState":{"showFog":true,"showMaterialUpdate":false,"showSkybox":false,"showFlares":true,"showImageEffects":true,"showParticleSystems":true},"in2DMode":false,"pivot":{"x":52.85136413574219,"y":169.09527587890626,"z":7.793771266937256},"rotation":{"x":-0.052622921764850619,"y":0.07840842753648758,"z":-0.004169635474681854,"w":-0.9955626726150513},"size":3816.86572265625,"orthographic":false}