{"cameraMode":{"drawMode":0,"name":"Shaded","section":"Shading Mode"},"sceneLighting":true,"audioPlay":false,"sceneViewState":{"showFog":true,"showMaterialUpdate":false,"showSkybox":true,"showFlares":true,"showImageEffects":true,"showParticleSystems":true},"in2DMode":false,"pivot":{"x":-0.9304041266441345,"y":1.5290542840957642,"z":2.14182448387146},"rotation":{"x":-0.018290044739842416,"y":-0.06387653946876526,"z":0.000888026028405875,"w":-0.9978548884391785},"size":28.469980239868165,"orthographic":false}