{"cameraMode":{"drawMode":0,"name":"Shaded","section":"Shading Mode"},"sceneLighting":false,"audioPlay":false,"sceneViewState":{"showFog":true,"showMaterialUpdate":false,"showSkybox":false,"showFlares":true,"showImageEffects":true,"showParticleSystems":true},"in2DMode":false,"pivot":{"x":0.04315042495727539,"y":-2.5154812335968019,"z":-11.229999542236329},"rotation":{"x":-0.13491126894950868,"y":0.008032559417188168,"z":-0.0008064370485953987,"w":-0.9909754991531372},"size":16.97722816467285,"orthographic":false}