{"cameraMode":{"drawMode":0,"name":"Shaded","section":"Shading Mode"},"sceneLighting":false,"audioPlay":false,"sceneViewState":{"showFog":true,"showMaterialUpdate":false,"showSkybox":false,"showFlares":true,"showImageEffects":true,"showParticleSystems":true},"in2DMode":false,"pivot":{"x":4.529324531555176,"y":-3.522571563720703,"z":0.0},"rotation":{"x":0.0013921735808253289,"y":-0.9983023405075073,"z":0.057266149669885638,"w":0.020086104050278665},"size":28.99109649658203,"orthographic":false}