{"cameraMode":{"drawMode":0,"name":"Shaded","section":"Shading Mode"},"sceneLighting":false,"audioPlay":false,"sceneViewState":{"showFog":true,"showMaterialUpdate":false,"showSkybox":false,"showFlares":true,"showImageEffects":true,"showParticleSystems":true},"in2DMode":false,"pivot":{"x":-2.9291672706604006,"y":-11.143495559692383,"z":1.679604172706604},"rotation":{"x":0.16592596471309663,"y":-0.19106994569301606,"z":0.03222602605819702,"w":0.9671227931976318},"size":41.11440658569336,"orthographic":false}