{"cameraMode":{"drawMode":0,"name":"Shaded","section":"Shading Mode"},"sceneLighting":true,"audioPlay":false,"sceneViewState":{"showFog":true,"showMaterialUpdate":false,"showSkybox":false,"showFlares":true,"showImageEffects":true,"showParticleSystems":true},"in2DMode":false,"pivot":{"x":-0.005972862243652344,"y":0.09247982501983643,"z":1.0751105546951295},"rotation":{"x":-0.1371406465768814,"y":0.5524237155914307,"z":-0.0884239673614502,"w":-0.8179143667221069},"size":2.013554096221924,"orthographic":false}