{"cameraMode":{"drawMode":0,"name":"Shaded","section":"Shading Mode"},"sceneLighting":false,"audioPlay":false,"sceneViewState":{"showFog":true,"showMaterialUpdate":false,"showSkybox":false,"showFlares":true,"showImageEffects":true,"showParticleSystems":true},"in2DMode":false,"pivot":{"x":1.2822346687316895,"y":6.7766313552856449,"z":0.3664579689502716},"rotation":{"x":-0.07013442367315293,"y":0.0033000116236507894,"z":0.0002719732001423836,"w":0.9975731372833252},"size":19.56780433654785,"orthographic":false}