{"cameraMode":{"drawMode":0,"name":"Shaded","section":"Shading Mode"},"sceneLighting":false,"audioPlay":false,"sceneViewState":{"showFog":true,"showMaterialUpdate":false,"showSkybox":false,"showFlares":true,"showImageEffects":true,"showParticleSystems":true},"in2DMode":false,"pivot":{"x":0.0003662109375,"y":-3.739999771118164,"z":-3.675464391708374},"rotation":{"x":0.16592596471309663,"y":-0.19106994569301606,"z":0.03222602605819702,"w":0.9671227931976318},"size":88.9567642211914,"orthographic":false}