{"cameraMode":{"drawMode":0,"name":"Shaded","section":"Shading Mode"},"sceneLighting":true,"audioPlay":false,"sceneViewState":{"showFog":true,"showMaterialUpdate":false,"showSkybox":true,"showFlares":true,"showImageEffects":true,"showParticleSystems":true},"in2DMode":false,"pivot":{"x":0.0,"y":2.0309998989105226,"z":-0.8999999761581421},"rotation":{"x":-0.17853116989135743,"y":-0.19862811267375947,"z":0.036832038313150409,"w":-0.9630113840103149},"size":7.126805782318115,"orthographic":false}